worldmap, begin
position, 0, 0
size, 20, 12

tilesize, 64, 64

terrainlayer, begin
name, grass
tileset, grass_tileset
tiles, begin
4, 4, 4, 4, 4, 4, 4, 4, 4, 4, 4, 4, 4, 4, 4, 4, 4, 4, 4, 4
4, 4, 4, 4, 4, 4, 4, 4, 4, 4, 4, 4, 4, 4, 4, 4, 4, 4, 4, 4
4, 4, 4, 4, 4, 0, 1, 1, 1, 1, 1, 2, 4, 4, 4, 4, 4, 4, 4, 4
4, 4, 4, 4, 0, 10, 10, 10, 10, 10, 10, 11, 4, 4, 4, 4, 4, 4, 4, 4
0, 1, 1, 1, 10, 10, 10, 10, 10, 10, 10, 10, 2, 4, 4, 4, 4, 4, 4, 4
9, 10, 10, 10, 10, 10, 10, 10, 10, 10, 10, 10, 20, 4, 4, 4, 4, 4, 4, 4
18, 19, 10, 10, 10, 10, 10, 10, 10, 10, 19, 20, 4, 4, 4, 4, 4, 4, 4, 4
4, 4, 18, 19, 19, 10, 10, 10, 19, 20, 4, 4, 4, 4, 4, 4, 4, 4, 4, 4
4, 4, 4, 4, 4, 18, 19, 20, 4, 4, 4, 4, 4, 4, 4, 4, 4, 4, 4, 4
4, 4, 4, 4, 4, 4, 4, 4, 4, 4, 4, 4, 4, 4, 4, 4, 4, 4, 4, 4
4, 4, 4, 4, 4, 4, 4, 4, 4, 4, 4, 4, 4, 4, 4, 4, 4, 4, 4, 4
4, 4, 4, 4, 4, 4, 4, 4, 4, 4, 4, 4, 4, 4, 4, 4, 4, 4, 4, 4
tiles, end
terrainlayer, end

terrainlayer, begin
name, splash
tileset, splash_tileset
tiles, begin
-65535, -65535, -65535, -65535, -65535, -65535, -65535, -65535, -65535, -65535, -65535, -65535, -65535, -65535, -65535, -65535, -65535, -65535, -65535, -65535
-65535, -65535, -65535, -65535, -65535, -65535, -65535, -65535, -65535, -65535, -65535, -65535, -65535, -65535, -65535, -65535, -65535, -65535, -65535, -65535
-65535, -65535, -65535, -65535, -65535, 0, 0, 0, 0, 0, 0, 0, -65535, -65535, -65535, -65535, -65535, -65535, -65535, -65535
-65535, -65535, -65535, -65535, 0, -65535, -65535, -65535, -65535, -65535, -65535, 0, -65535, -65535, -65535, -65535, -65535, -65535, -65535, -65535
0, 0, 0, 0, -65535, -65535, -65535, -65535, -65535, -65535, -65535, -65535, 0, -65535, -65535, -65535, -65535, -65535, -65535, -65535
0, -65535, -65535, -65535, -65535, -65535, -65535, -65535, -65535, -65535, -65535, -65535, 0, -65535, -65535, -65535, -65535, -65535, -65535, -65535
0, 0, -65535, -65535, -65535, -65535, -65535, -65535, -65535, -65535, 0, 0, -65535, -65535, -65535, -65535, -65535, -65535, -65535, -65535
-65535, -65535, 0, 0, 0, -65535, -65535, -65535, 0, 0, -65535, -65535, -65535, -65535, -65535, -65535, -65535, -65535, -65535, -65535
-65535, -65535, -65535, -65535, -65535, 0, 0, 0, -65535, -65535, -65535, -65535, -65535, -65535, -65535, -65535, -65535, -65535, -65535, -65535
-65535, -65535, -65535, -65535, -65535, -65535, -65535, -65535, -65535, -65535, -65535, -65535, -65535, -65535, -65535, -65535, -65535, -65535, -65535, -65535
-65535, -65535, -65535, -65535, -65535, -65535, -65535, -65535, -65535, -65535, -65535, -65535, -65535, -65535, -65535, -65535, -65535, -65535, -65535, -65535
-65535, -65535, -65535, -65535, -65535, -65535, -65535, -65535, -65535, -65535, -65535, -65535, -65535, -65535, -65535, -65535, -65535, -65535, -65535, -65535
tiles, end
terrainlayer, end

prop, begin
animationset, pinetree_anim_set
animation, pine_tree_idle
worldposition, 304, 272
scale, 1, 1
color, 1, 1, 1, 1
footprint, 0.38, 0.8, 0.62, 0.92
boundingbox, 0.2, 0.2, 0.8, 0.92
prop, end

prop, begin
animationset, castle_anim_set
animation, castle_idle
worldposition, 564, 342
scale, 1, 1
color, 1, 1, 1, 1
footprint, 0.05, 0.6, 0.95, 0.9
boundingbox, 0.05, 0.2, 0.95, 0.9
prop, end

prop, begin
animationset, pinetree_anim_set
animation, pine_tree_idle
worldposition, 215, 416
scale, 1, 1
color, 1, 1, 1, 1
footprint, 0.38, 0.8, 0.62, 0.92
boundingbox, 0.2, 0.2, 0.8, 0.92
prop, end

prop, begin
animationset, pinetree_anim_set
animation, pine_tree_idle
worldposition, 389, 402
scale, 1, 1
color, 1, 1, 1, 1
footprint, 0.38, 0.8, 0.62, 0.92
boundingbox, 0.2, 0.2, 0.8, 0.92
prop, end

prop, begin
animationset, pinetree_anim_set
animation, pine_tree_idle
worldposition, 529, 432
scale, 1, 1
color, 1, 1, 1, 1
footprint, 0.38, 0.8, 0.62, 0.92
boundingbox, 0.2, 0.2, 0.8, 0.92
prop, end

worldmap, end
